{
  "image_name": "bandicoot",
  "image_frames": [
    {"x": 23,"y": 18,"width": 39,"height": 63},
    {"x": 70,"y": 19,"width": 34,"height": 65},
    {"x": 113,"y": 20,"width": 38,"height": 61},
    {"x": 159,"y": 19,"width": 43,"height": 64},
    {"x": 214,"y": 20,"width": 35,"height": 63},
    {"x": 258,"y": 21,"width": 37,"height": 63},
    {"x": 16,"y": 169,"width": 45,"height": 63},
    {"x": 66,"y": 172,"width": 38,"height": 58},
    {"x": 109,"y": 178,"width": 41,"height": 52},
    {"x": 161,"y": 166,"width": 41,"height": 65},
    {"x": 204,"y": 170,"width": 45,"height": 60},
    {"x": 249,"y": 174,"width": 45,"height": 56},
    {"x": 17,"y": 92,"width": 58,"height": 64},
    {"x": 131,"y": 91,"width": 51,"height": 65},
    {"x": 76,"y": 92,"width": 55,"height": 64},
    {"x": 17,"y": 92,"width": 58,"height": 64}
  ],
  "speed":{
    "max_walk_speed":6,
    "max_run_speed":12,
    "max_y_velocity":20,
    "walk_accel":0.15,
    "run_accel":0.3,
    "turn_accel": 0.35,
    "jump_velocity":-10.5
  }
}
