{
  "image_name": "level",
  "map": {"start_x": 0,"end_x": 5760,"player_x": 100,"player_y": 367},
  "ground": [
    {"x": 0,"y": 546,"width": 1300,"height": 165},
    {"x": 1467,"y": 546,"width": 1771,"height": 174},
    {"x": 3300,"y": 501,"width": 421,"height": 100},
    {"x": 4000,"y": 546,"width": 200,"height": 165},
    {"x": 4770,"y": 546,"width": 990,"height": 165},
    {"x": 2035,"y": 481,"width": 665,"height": 65},
    {"x": 2100,"y": 416,"width": 535,"height": 65},
    {"x": 2165,"y": 351,"width": 405,"height": 65},

    {"x": 5160,"y": 273,"width": 210,"height": 305}
  ],
  "ice": [
    {"x": 4225, "y":545 , "width":495 , "height": 165}
  ],
  "enemy":[
    {"0":[
      {"x":1800, "y":538, "direction":1, "type":2}
    ]},
    {"1":[
      {"x":3800, "y":600, "direction":0, "type":1}
    ]},
    {"2":[
      {"x":2500, "y":311, "direction":0, "type":0}
    ]}

  ],
  "checkpoint":[
    {"x": 510, "y":  0, "width":10, "height":600, "type":0, "enemy_groupid":0},
    {"x":1400, "y":  0, "width":10, "height":600, "type":0, "enemy_groupid":1},
    {"x":1740, "y":  0, "width":10, "height":600, "type":0, "enemy_groupid":2}


  ],
  "crate":[
        {"x": 600,"y": 506,"type":3},
        {"x": 733,"y": 506,"type":5},
        {"x": 866,"y": 506,"type":6},
        {"x": 1000,"y": 506,"type":7},
        {"x": 2250,"y": 311,"type":4},
        {"x": 3000,"y": 506,"type":0},
        {"x": 3550,"y": 461,"type":1},
        {"x": 4900,"y": 506,"type":2},
        {"x": 5100,"y": 506,"type":1}


  ],
  "fruit": [
        {"x": 300,"y": 503},
        {"x": 400,"y": 503},
        {"x": 500,"y": 503},
        {"x": 4700,"y": 503},
        {"x": 4600,"y": 503},
        {"x": 4500,"y": 503},

        {"x": 600,"y": 365},
        {"x": 800,"y": 365},
        {"x": 1000,"y": 365},
        {"x": 1200,"y": 365},
        {"x": 1365,"y": 365},
        {"x": 1600,"y": 365},
        {"x": 3000,"y": 365},
        {"x": 3560,"y": 200},

        {"x": 1980, "y":505},
        {"x": 2040, "y":440},
        {"x": 2110, "y":375},
        {"x": 2720, "y":505},
        {"x": 2660, "y":440},
        {"x": 2590, "y":375}
  ]
}
